<beans:beans xmlns="http://www.springframework.org/schema/batch"
	xmlns:beans="http://www.springframework.org/schema/beans" xmlns:xsi="http://www.w3.org/2001/XMLSchema-instance"
	xsi:schemaLocation="
           http://www.springframework.org/schema/beans
           http://www.springframework.org/schema/beans/spring-beans.xsd
           http://www.springframework.org/schema/batch
           http://www.springframework.org/schema/batch/spring-batch-3.0.xsd">

	<job id="job">
		<split id="split_1" task-executor="taskExecutor" next="step_4">
			<flow>
				<step id="step_1">
					<tasklet ref="taskletStep_1"/>
				</step>
			</flow>
			<flow>
				<step id="step_2">
					<tasklet ref="taskletStep_2"/>
				</step>
			</flow>
			<flow>
				<step id="step_3">
					<tasklet ref="taskletStep_3"/>
				</step>
			</flow>
		</split>
		<step id="step_4">
					<tasklet ref="taskletStep_3"/>
		</step>
	</job>

	<beans:bean id="taskletStep_1" class="com.javasampleapproach.batch.parallelstep.step.SimpleStep" />
	<beans:bean id="taskletStep_2" class="com.javasampleapproach.batch.parallelstep.step.SimpleStep" />
	<beans:bean id="taskletStep_3" class="com.javasampleapproach.batch.parallelstep.step.SimpleStep" />
	<beans:bean id="taskletStep_4" class="com.javasampleapproach.batch.parallelstep.step.SimpleStep" />
	
	<beans:bean id="taskExecutor" class="org.springframework.core.task.SimpleAsyncTaskExecutor" />

</beans:beans>