<beans xmlns="http://www.springframework.org/schema/beans"
	xmlns:xsi="http://www.w3.org/2001/XMLSchema-instance"
	xmlns:jdbc="http://www.springframework.org/schema/jdbc"	
	xsi:schemaLocation="
		http://www.springframework.org/schema/beans 
		http://www.springframework.org/schema/beans/spring-beans-3.2.xsd
		http://www.springframework.org/schema/jdbc 
	    http://www.springframework.org/schema/jdbc/spring-jdbc.xsd">

	<!-- using in-memory store for batch meta-data --> 
	<bean id="jobRepository"
		class="org.springframework.batch.core.repository.support.MapJobRepositoryFactoryBean">
		<property name="transactionManager" ref="transactionManager" />
	</bean>
 	
	<bean id="transactionManager"
		class="org.springframework.batch.support.transaction.ResourcelessTransactionManager" />
	 
	<bean id="jobLauncher"
		class="org.springframework.batch.core.launch.support.SimpleJobLauncher">
		<property name="jobRepository" ref="jobRepository" />
	</bean>
	
	<!-- connect to MySQL database --> 
   <bean id = "dataSource" 
      class = "org.springframework.jdbc.datasource.DriverManagerDataSource"> 
      <property name = "driverClassName" value = "com.mysql.jdbc.Driver" /> 
      <property name = "url" value = "jdbc:mysql://localhost:3306/springbatchxmldb" /> 
      <property name = "username" value = "root" /> 
      <property name = "password" value = "vignesh" /> 
   </bean>  
 
   <!-- create job-meta tables automatically --> 
   <jdbc:initialize-database data-source = "dataSource">   
      <jdbc:script location = "org/springframework/batch/core/schema-drop-mysql.sql"/>   
      <jdbc:script location = "org/springframework/batch/core/schema-mysql.sql"/> 
   </jdbc:initialize-database> 

</beans>