<?xml version="1.0" encoding="UTF-8"?>
<beans xmlns="http://www.springframework.org/schema/beans"
	xmlns:xsi="http://www.w3.org/2001/XMLSchema-instance"
	xsi:schemaLocation="http://www.springframework.org/schema/beans http://www.springframework.org/schema/beans/spring-beans.xsd">

	<bean id="connectionFactory" class="org.springframework.jms.connection.CachingConnectionFactory">
		<property name="targetConnectionFactory">
			<bean class="org.apache.activemq.ActiveMQConnectionFactory">
				<property name="brokerURL">
					<value>tcp://localhost:61616</value>
				</property>
			</bean>	
		</property>
	</bean>

</beans>
